{
    "loss": 0.6218977570533752,
    "accuracy": 0.6043165326118469
}